,names,spec
0,Friedelite,Powder
1,Pyromorphite,Powder
2,Vanadinite,Powder
3,Liroconite,Powder
4,Danburite,Powder
5,Dravite,Powder
6,Fluorapophyllite-(K),Powder
7,Aragonite,Powder
8,Grossular,Powder
9,Ferberite,Powder
10,Ulexite,Powder
11,Ussingite,Powder
12,Akermanite,Powder
13,Fluorophlogopite,Powder
14,Bastnasite-(Ce),Powder
15,Sekaninaite,Powder
16,Andradite,Powder
17,Magnesiocopiapite,Powder
18,Grunerite,Powder
19,Szaibelyite,Powder
20,Stellerite,Powder
21,Stibnite,Powder
22,Siderite,Powder
23,Brucite,Powder
24,Enstatite,Powder
25,Melanovanadite,Powder
26,Erythrite,Powder
27,Carrollite,Powder
28,Langite,Powder
29,Teallite,Powder
30,Tantalite-(Mn),Powder
31,Kornerupine,Powder
32,Aragonite,Powder
33,Sugilite,Powder
34,Sillimanite,Powder
35,Muscovite,Powder
36,Hanksite,Powder
37,Beryl,Powder
38,Mansfieldite,Powder
39,Chalcanthite,Powder
40,Covellite,Powder
41,Awaruite,"Powder, mixed with andradite: a:12.0607(4)"
42,Forsterite,Powder
43,Rhodochrosite,Powder
44,Prehnite,Powder
45,Jamesonite,Powder
46,Turquoise,Powder
47,Forsterite,Powder
48,Bernardevansite,Powder
49,Covellite,Powder
50,Fluoro-edenite,Powder
51,Spinel,Powder
52,Cerussite,Powder
53,Tremolite,Powder
54,Woodwardite,"Powder, using Mo radiation"
55,Tugarinovite,Powder
56,Andradite,Powder
57,Leifite,Powder
58,Vesuvianite,Powder
59,Cinnabar,Powder
60,Talc,Powder
61,Pyrope,Powder
62,Narsarsukite,Powder
63,Hedenbergite,Powder
64,Neptunite,Powder
65,Wulfenite,Powder
66,Pectolite,Powder
67,Bornite,Powder
68,Forsterite,Powder
69,Tungstite,"Powder, using Mo radiation"
70,Szaibelyite,Powder
71,Columbite-(Mn),Powder
72,Clinohumite,Powder
73,Senarmontite,Powder
74,Lazulite,Powder
75,Troilite,"Powder, using Mo radiation"
76,Cerussite,Powder
77,Fayalite,Powder
78,Metatorbernite,Powder
79,Kyanite,Powder
80,Grossular,Powder
81,Descloizite,Powder
82,Boulangerite,Powder
83,Aubertite,Powder
84,Wollastonite,Powder
85,Dyscrasite,Powder
86,Helvine,Powder
87,Pyrope,Powder
88,Atacamite,Powder
89,Quartz,Powder
90,Fayalite,Powder
91,Epidote,Powder
92,Pyrolusite,Powder
93,Kutnohorite,"Powder, mixture with a second carbonate phase"
94,Aegirine,Powder
95,Tremolite,Powder
96,Rutile,Powder
97,Potassic-magnesio-fluoro-arfvedsonite,Powder
98,Fluorapophyllite-(K),Powder
99,Bismuth,Powder
100,Titanite,Powder
101,Fluorophlogopite,Powder
102,Actinolite,Powder
103,Tremolite,Powder
104,Fluorapatite,Powder
105,Dravite,Powder
106,Portlandite,Powder
107,Hausmannite,Powder
108,Monazite-(Ce),Powder
109,Grandidierite,Powder
110,Analcime,Powder
111,Hausmannite,Powder
112,Clinohumite,Powder
113,Paralaurionite,Powder
114,Staurolite,"Powder, the (00l) peaks of muscovite are also present"
115,Phosphophyllite,Powder
116,Tennantite-(Zn),Powder
117,Harmotome,Powder
118,Kurnakovite,Powder
119,Euclase,Powder
120,Humite,Powder
121,Annite,Powder
122,Argentojarosite,Powder
123,Cordierite,Powder
124,Cavansite,Powder
125,Sodalite,Powder
126,Jamesonite,Powder
127,Paragonite,Powder
128,Tellurium,Powder
129,Tremolite,Powder
130,Andradite,Powder
131,Guyanaite,"Powder, mixture includes bracewellite, eskolaite and quartz"
132,Halite,Powder
133,Metastibnite,Powder
134,Dravite,Powder
135,Pyrite,"Powder, using Mo radiation"
136,Pentahydrite,"Powder, mixed with starkeyite"
137,Marialite,Powder
138,Quartz,Powder
139,Gorgeyite,Powder
140,Goethite,Powder
141,Marialite,Powder
142,Fluorapophyllite-(K),Powder
143,Tschermigite,Powder
144,Molybdenite,Powder
145,Gaylussite,Powder
146,Gillespite,Powder
147,Stibiotantalite,Powder
148,Hydrotalcite,Powder
149,Spurrite,Powder
150,Uraninite,Powder
151,Tantalite-(Fe),Powder
152,Skutterudite,Powder
153,Ulexite,Powder
154,Miargyrite,Powder
155,Ludlamite,Powder
156,Siderite,Powder
157,Sulphur,Powder
158,Diopside,Powder
159,Inyoite,Powder
160,Galkhaite,Powder
161,Halite,Powder
162,Buddingtonite,Powder
163,Tsaregorodtsevite,Powder
164,Enargite,Powder
165,Olmiite,Powder
166,Leifite,Powder
167,Topaz,Powder
168,Baddeleyite,Powder
169,Brucite,Powder
170,Diopside,Powder
171,Natrolite,Powder
172,Fluorapatite,Powder
173,Sampleite,"Powder, using Mo radiation"
174,Pentlandite,Powder
175,Tetrahedrite-(Zn),Powder
176,Ferro-pargasite,Powder
177,Corvusite,Powder
178,Taneyamalite,Powder
179,Kinoite,"Powder, using Mo radiation"
180,Rutile,Powder
181,Hemimorphite,Powder
182,Alabandite,Powder
183,Cerussite,Powder
184,Tungstenite,"Powder, mixed with galena"
185,Botryogen,Powder
186,Widenmannite,"Powder, using Mo radiation"
187,Dundasite,"Powder, using Mo radiation"
188,Miserite,"Powder, mixed with wollastonite and orthoclase"
189,Grossular,Powder
190,Tantalite-(Mn),Powder
191,Zircon,Powder
192,Muscovite,Powder
193,Axinite-(Fe),Powder
194,Anorthite,"Powder, with other plagioclase-series minerals"
195,Chiolite,Powder
196,Scolecite,Powder
197,Kaolinite,Powder
198,Mesolite,Powder
199,Metastibnite,Powder
200,Margarite,Powder
201,Muscovite,Powder
202,Beryl,Powder
203,Fluorapatite,Powder
204,Diopside,Powder
205,Triphylite,Powder
206,Edingtonite,Powder
207,Pargasite,Powder
208,Enstatite,Powder
209,Tremolite,Powder
210,Arrojadite-(KNa),Powder
211,Orthoserpierite,Powder
212,Augelite,Powder
213,Tilasite,Powder
214,Valleriite,Powder
215,Emeleusite,Powder
216,Baryte,Powder
217,Spessartine,Powder
218,Pyrite,"Powder, using Mo radiation"
219,Vanadinite,Powder
220,Pentahydrite,"Powder, mixed with starkeyite"
221,Magnesite,Powder
222,Jarosite,Powder
223,Columbite-(Mn),Powder
224,Dioptase,Powder
225,Mottramite,Powder
226,Phlogopite,Powder
227,Natrojarosite,"Powder, includes another phase"
228,Fluorite,Powder
229,Phillipsite-Ca,Powder
230,Hedenbergite,Powder
231,Grandidierite,Powder
232,Sodalite,Powder
233,Diopside,Powder
234,Baotite,Powder
235,Bobierrite,Powder
236,Beryl,Powder
237,Vesuvianite,Powder
238,Pyrosmalite-(Fe),Powder
239,Heterogenite,Powder
240,Microcline,Powder
241,Anhydrite,Powder
242,Chalcosiderite,"Powder, using Mo radiation"
243,Atacamite,Powder
244,Galena,Powder
245,Bukovskyite,Powder
246,Starkeyite,Powder
247,Cervantite,"Powder, with romeite and quartz"
248,Axinite-(Fe),Powder
249,Enstatite,Powder
250,Berthierite,Powder
251,Yuksporite,Powder
252,Strontianite,Powder
253,Nickeline,Powder
254,Baryte,Powder
255,Cerussite,Powder
256,Magnesiochromite,Powder
257,Clinoptilolite-Na,Powder
258,Rosasite,"Powder, intimately mixed with smithsonite"
259,Witherite,Powder
260,Allanite-(Ce),Powder
261,Enstatite,Powder
262,Fayalite,Powder
263,Tinticite,Powder
264,Stibnite,Powder
265,Columbite-(Fe),Powder
266,Rasvumite,"Powder, using Mo radiation"
267,Hemimorphite,Powder
268,Philipsbornite,Powder
269,Natrolite,Powder
270,Chevkinite-(Ce),Powder
271,Magnetoplumbite,Powder
272,Glaucophane,Powder
273,Andradite,Powder
274,Howieite,Powder
275,Dickite,Powder
276,Magnetite,Powder
277,Agardite-(Y),"Powder, using Mo radiation"
278,Mooreite,Powder
279,Kovdorskite,Powder
280,Natrolite,Powder
281,Dravite,Powder
282,Pyrope,Powder
283,Babingtonite,Powder
284,Tennantite-(Zn),Powder
285,Diaspore,Powder
286,Painite,Powder
287,Rossmanite,"Powder, mixed with quartz"
288,Antimony,Powder
289,Cerussite,Powder
290,Fluorite,Powder
291,Sodalite,Powder
292,Nickeline,Powder
293,Zircon,Powder
294,Leucophanite,Powder
295,Schorl,Powder
296,Stilbite-Ca,Powder
297,Gold,Hammered into thin foil
298,Hambergite,Powder
299,Harmotome,Powder
300,Axinite-(Mn),Powder
301,Tarbuttite,Powder
302,Trilithionite,Powder
303,Enstatite,Powder
304,Braunite,Powder
305,Diopside,Powder
306,Beryllonite,Powder
307,Inyoite,Powder
308,Jamesonite,Powder
309,Mesolite,Powder
310,Norbergite,Powder
311,Hausmannite,Powder
312,Renierite,Powder
313,Calcite,Powder
314,Zircon,Powder
315,Acanthite,Powder
316,Betekhtinite,Powder
317,Tremolite,Powder
318,Godovikovite,Powder
319,Spodumene,Powder
320,Widenmannite,"Powder, using Mo radiation"
321,Fluoro-edenite,Powder
322,Marialite,Powder
323,Schorlomite,"Powder, mixture of two garnet phases, the second phase is andradite"
324,Diopside,Powder
325,Cylindrite,Powder
326,Hydroxylherderite,Powder
327,Painite,Powder
328,Agardite-(Y),"Powder, using Mo radiation"
329,Wollastonite,Powder
330,Struvite,Powder
331,Grossular,Powder
332,Magnetite,Powder
333,Hydroxylclinohumite,Powder
334,Calcite,Powder
335,Dravite,Powder
336,Trilithionite,Powder
337,Rhodonite,Powder
338,Conichalcite,"Powder, mixed with adamite"
339,Fluor-uvite,Powder
340,Planerite,"Powder, using Mo radiation"
341,Svanbergite,Powder
342,Triplite,Powder
343,Dravite,Powder
344,Enstatite,Powder
345,Newberyite,Powder
346,Aegirine,Powder
347,Pyrargyrite,Powder
348,Johachidolite,Powder
349,Wulfenite,Powder
350,Zoisite,Powder
351,Langbanite,Powder
352,Clinohumite,Powder
353,Scorodite,Powder
354,Grandaite,Powder
355,Mansfieldite,Powder
356,Mimetite,Powder
357,Milarite,Powder
358,Pickeringite,Powder
359,Fibroferrite,Powder
360,Chrysoberyl,Powder
361,Almandine,Powder
362,Chlorargyrite,Powder
363,Priceite,Powder
364,Spinel,Powder
365,Hydroxylbastnasite-(Ce),Powder
366,Melanovanadite,Powder
367,Nepheline,Powder
368,Ferberite,Powder
369,Chloritoid,Powder
370,Bobierrite,Powder
371,Fluorite,Powder
372,Chambersite,Powder
373,Columbite-(Fe),Powder
374,Selenium,Powder
375,Hematite,Powder
376,Edenite,Powder
377,Whewellite,Powder
378,Pyrope,Powder
379,Dioptase,Powder
380,Sapphirine,Powder
381,Strontianite,Powder
382,Beryl,Powder
383,Stilbite-Ca,Powder
384,Antigorite,Powder
385,Calcite,Powder
386,Spencerite,Powder
387,Diopside,Powder
388,Breithauptite,Powder
389,Corundum,Powder
390,Hauerite,Powder
391,Hectorite,Powder
392,Dickite,Powder
393,Fluor-uvite,Powder
394,Forsterite,Powder
395,Warwickite,Powder
396,Calcite,Powder
397,Mottramite,Powder
398,Siderite,Powder
399,Bilinite,Powder
400,Spessartine,Powder
401,Calcite,Powder
402,Benstonite,Powder
403,Cryolite,Powder
404,Stephanite,Powder
405,Gaudefroyite,Powder
406,Gold,Hammered into thin foil
407,Clinohumite,Powder
408,Fluorapatite,Powder
409,Eosphorite,Powder
410,Leightonite,Powder
411,Nitratine,Powder
412,Shortite,Powder
413,Wavellite,Powder
414,Braunite,Powder
415,Tremolite,Powder
416,Bournonite,Powder
417,Pumpellyite-(Mg),Powder
418,Anhydrite,Powder
419,Sanbornite,Powder
420,Pyrolusite,Powder
421,Columbite-(Fe),Powder
422,Meyerhofferite,Powder
423,Wendwilsonite,Powder
424,Magnesio-riebeckite,Powder
425,Euclase,Powder
426,Chalcanthite,Powder
427,Rinkite-(Ce),Powder
428,Nitratine,"Powder, mixed with halite, a = 5.6417"
429,Analcime,Powder
430,Diaboleite,Powder
431,Beryl,Powder
432,Sigloite,Powder
433,Polylithionite,Powder
434,Reinhardbraunsite,Powder
435,Elbaite,Powder
436,Sampleite,"Powder, using Mo radiation"
437,Northupite,Powder
438,Hematite,Powder
439,Elpidite,Powder
440,Beryl,Powder
441,Amblygonite,Powder
442,Tinzenite,Powder
443,Dyscrasite,Powder
444,Albite,Powder
445,Duftite,Powder
446,Elbaite,Powder
447,Nesquehonite,Powder
448,Weloganite,Powder
449,Goudeyite,"Powder, using Mo radiation"
450,Hydromagnesite,Powder
451,Fluorapatite,Powder
452,Brucite,Powder
453,Bournonite,Powder
454,Almandine,Powder
455,Dravite,Powder
456,Fluorite,Powder
457,Fluorapatite,Powder
458,Manganogrunerite,Powder
459,Masutomilite,Powder
460,Umangite,"Powder, using Mo radiation"
461,Riebeckite,Powder
462,Carrollite,Powder
463,Aubertite,Powder
464,Hubnerite,Powder
465,Bastnasite-(Ce),Powder
466,Gratonite,Powder
467,Andradite,Powder
468,Triplite,Powder
469,Cyanotrichite,"Powder, using Mo radiation"
470,Adamite,Powder
471,Vesuvianite,Powder
472,Augelite,Powder
473,Grossular,Powder
474,Bannisterite,Powder
475,Olmiite,Powder
476,Powellite,Powder
477,Sodalite,Powder
478,Botryogen,Powder
479,Sphalerite,Powder
480,Euclase,Powder
481,Pyromorphite,Powder
482,Magadiite,Powder
483,Sulphohalite,Powder
484,Pargasite,Powder
485,Carlosturanite,Powder
486,Andalusite,Powder
487,Calcite,Powder
488,Actinolite,"Powder, additionally shows small amount of chlorite"
489,Natrodufrenite,Powder
490,Triphylite,Powder
491,Anorthite,Powder
492,Fluor-uvite,Powder
493,Northupite,Powder
494,Hubnerite,Powder
495,Ilvaite,Powder
496,Shortite,Powder
497,Liroconite,Powder
498,Magnesite,Powder
499,Fluorapatite,Powder
500,Zykaite,Powder
501,Thaumasite,Powder
502,Fluorcalciopyrochlore,Powder
503,Livingstonite,Powder
504,Ferro-actinolite,Powder
505,Roeblingite,Powder
506,Gmelinite-Na,Powder
507,Pyrophyllite,Powder
508,Halotrichite,Powder
509,Polylithionite,"Powder, with trace corundum contamination from the grinding process"
510,K3Fe(CN)5NO,Powder
511,Dawsonite,Powder
512,Enstatite,Powder
513,Graphite,Powder
514,Gersdorffite,Powder
515,Mellite,Powder
516,Pentlandite,Powder
517,Brochantite,Powder
518,Montmorillonite,Powder
519,Stromeyerite,Powder
520,Thaumasite,Powder
521,Corundum,Powder
522,Lizardite,Powder
523,Rutile,Powder
524,Willemite,Powder
525,Gmelinite-Na,"Powder, mixed with chabazite; a: 13.7815(4) c: 15.0380(7)"
526,Boleite,Powder
527,Bastnasite-(Ce),Powder
528,Andradite,Powder
529,Delhayelite,Powder
530,Axinite-(Fe),Powder
531,Magnesio-hastingsite,Powder
532,Serendibite,Powder
533,Digenite,Powder
534,Tellurium,Powder
535,Kernite,Powder
536,Tremolite,Powder
537,Sphalerite,Powder
538,Amarantite,Powder
539,Chlorartinite,"Powder, mixed with aragonite"
540,Corundum,Powder
541,Alum-(K),Powder
542,Scheelite,Powder
543,Chalcopyrite,Powder
544,Magnetite,Powder
545,Struvite,Powder
546,Krohnkite,Powder
547,Russellite,Powder
548,Rutile,Powder
549,Akermanite,Powder
550,Reedmergnerite,Powder
551,Chkalovite,Powder
552,Tantalite-(Mn),Powder
553,Columbite-(Fe),Powder
554,Muscovite,Powder
555,Proto-ferro-anthophyllite,Powder
556,Catapleiite,Powder
557,Pyrite,Powder
558,Grossular,Powder
559,Brookite,Powder
560,Sodalite,Powder
561,Heulandite-Ca,Powder
562,Boussingaultite,Powder
563,Epidote,Powder
564,Valentinite,Powder
565,Trilithionite,Powder
566,Olmiite,Powder
567,Pectolite,Powder
568,Tremolite,Powder
569,Sanbornite,Powder
570,Descloizite,Powder
571,Magnesiochromite,Powder
572,Phosphosiderite,"Powder, using Mo radiation"
573,Silver,Hammered into thin foil
574,Orthoclase,Powder
575,Antlerite,Powder
576,Dolomite,Powder
577,Almandine,Powder
578,Trona,Powder
579,Pyrolusite,Powder
580,Muscovite,Powder
581,Inyoite,Powder
582,Artinite,Powder
583,Bukovskyite,Powder
584,Kidwellite,Powder
585,Yttrotantalite-(Y),Powder
586,Jeremejevite,Powder
587,Dickite,"Powder, mixed with quartz"
588,Braitschite-(Ce),"Powder, using Mo radiation"
589,Poughite,"Powder, using Mo radiation"
590,Pyrosmalite-(Fe),Powder
591,Proto-ferro-suenoite,Powder
592,Tourmaline,Powder
593,Dravite,Powder
594,Brazilianite,Powder
595,Glaucophane,Powder
596,Meionite,Powder
597,Poughite,"Powder, using Mo radiation"
598,Rhodochrosite,Powder
599,Baryte,Powder
600,Montebrasite,Powder
601,Calcurmolite,"Powder, using Mo radiation"
602,Rammelsbergite,Powder
603,Sanidine,Powder
604,Brewsterite-Sr,Powder
605,Paragonite,Powder
606,Anorthite,Powder
607,Strontianite,Powder
608,Acanthite,Powder
609,Dolomite,Powder
610,Stellerite,"Powder, mixed with chabazite"
611,Magnesio-fluoro-arfvedsonite,Powder
612,Sulphur,Powder
613,Nickeline,Powder
614,Marialite,Powder
615,Kaliborite,Powder
616,Muscovite,Powder
617,Renierite,Powder
618,Trona,Powder
619,Tremolite,Powder
620,Elpidite,Powder
621,Tremolite,Powder
622,Gormanite,Powder
623,Gedrite,Powder
624,Fluorapatite,Powder
625,Vanadinite,Powder
626,Arfvedsonite,Powder
627,Vayrynenite,Powder
628,Axinite-(Mn),Powder
629,Miserite,Powder
630,Rutile,Powder
631,Fluoro-richterite,Powder
632,Zircon,Powder
633,Riebeckite,Powder
634,Columbite-(Mn),Powder
635,Zircon,Powder
636,Clinozoisite,Powder
637,Metatorbernite,Powder
638,Corundum,Powder
639,Leightonite,Powder
640,Babingtonite,Powder
641,Zunyite,Powder
642,Berthierite,Powder
643,Pyrargyrite,Powder
644,Rhodonite,Powder
645,Arsenolite,Powder
646,Alum-(K),Powder
647,Marialite,Powder
648,Yoderite,Powder
649,Vayrynenite,Powder
650,Gaspeite,Powder
651,Calcite,Powder
652,Annite,Powder
653,Axinite-(Fe),Powder
654,Vuagnatite,Powder
655,Gunningite,"Powder, with minor component of boyleite"
656,Kenoargentotetrahedrite-(Fe),Powder
657,Annabergite,Powder
658,Gorgeyite,Powder
659,Grossular,Powder
660,Richterite,Powder
661,Rinkite-(Ce),Powder
662,Wulfenite,Powder
663,Monazite-(Ce),Powder
664,Enstatite,"Powder, mixed with anthophyllite (cell parameters 18.525(2), 18.000(4), 5.284(2))"
665,Staurolite,"Powder, the (00l) peaks of muscovite are also present"
666,Tellurium,Powder
667,Grossular,Powder
668,Parabutlerite,Powder
669,Trilithionite,Powder
670,Polylithionite,"Powder, with trace corundum contamination from the grinding process"
671,Prehnite,Powder
672,Lazulite,Powder
673,Clinohedrite,Powder
674,Krohnkite,Powder
675,Zinc,"Powder, using Mo radiation"
676,Actinolite,Powder
677,Phenakite,Powder
678,Alum-(K),Powder
679,Hollandite,Powder
680,Anhydrite,Powder
681,Andalusite,Powder
682,Norbergite,Powder
683,Cylindrite,Powder
684,Analcime,Powder
685,Carrollite,Powder
686,Monticellite,Powder
687,Cassiterite,Powder
688,Ilsemannite,"Powder, using Mo radiation"
689,Opal,Powder
690,Zunyite,Powder
691,Ephesite,Powder
692,Clintonite,Powder
693,Spessartine,Powder
694,Chambersite,Powder
695,Riebeckite,Powder
696,Cornwallite,Powder
697,Satterlyite,Powder
698,Cerussite,Powder
699,Dundasite,"Powder, using Mo radiation"
700,Aeschynite-(Y),Powder
701,Boussingaultite,Powder
702,Tveitite-(Y),Powder
703,Sodalite,Powder
704,Allanite-(Ce),Powder
705,Milarite,Powder
706,Fluorophlogopite,Powder
707,Hydroniumjarosite,Powder
708,Epidote,Powder
709,Cervantite,"Powder, with romeite and quartz"
710,Breithauptite,Powder
711,Germanite,"Powder, with minor tennantite (cubic: a=10.24)"
712,Langbanite,Powder
713,Sulphur,Powder
714,Vesuvianite,Powder
715,Tarbuttite,Powder
716,Rasvumite,"Powder, using Mo radiation"
717,Gypsum,Powder
718,Lollingite,Powder
719,Cylindrite,Powder
720,Clinohumite,Powder
721,Paradamite,Powder
722,Fluorapatite,Powder
723,Brochantite,Powder
724,Phenakite,Powder
725,Ilvaite,Powder
726,Phosphophyllite,Powder
727,Sanbornite,Powder
728,Nitratine,"Powder, mixed with halite, a = 5.6417"
729,Spinel,Powder
730,Rutile,Powder
731,Eudialyte,Powder
732,Calcite,Powder
733,Pyrope,Powder
734,Duftite,"Powder, using Mo radiation"
735,Weddellite,Powder
736,Agardite-(Y),"Powder, using Mo radiation"
737,Clintonite,Powder
738,Strontianite,Powder
739,Cerussite,Powder
740,Tremolite,Powder
741,Kovdorskite,Powder
742,Ferrowyllieite,Powder
743,Scolecite,Powder
744,Anglesite,Powder
745,Barytocalcite,Powder
746,Eosphorite,Powder
747,Sylvite,Powder
748,Rhodochrosite,Powder
749,Grossular,Powder
750,Paravauxite,Powder
751,Trona,Powder
752,Tellurium,Powder
753,Grossular,Powder
754,Howieite,Powder
755,Sodalite,Powder
756,Margarite,Powder
757,Sugilite,Powder
758,Parisite-(Ce),Powder
759,Scheelite,Powder
760,Hubnerite,Powder
761,Anhydrite,Powder
762,Delhayelite,Powder
763,Whewellite,Powder
764,Arfvedsonite,Powder
765,Baddeleyite,Powder
766,Pyrope,Powder
767,Bixbyite-(Fe),Powder
768,Hubnerite,Powder
769,Cordierite,Powder
770,Forsterite,Powder
771,Pyrope,Powder
772,Alunogen,Powder
773,Stillwellite-(Ce),Powder
774,Kurnakovite,Powder
775,Carletonite,Powder
776,Leucite,Powder
777,Enstatite,Powder
778,Spessartine,Powder
779,Triplite,Powder
780,Pyromorphite,Powder
781,Chrysocolla,Powder
782,Manganvesuvianite,Powder
783,Trilithionite,Powder
784,Cyanotrichite,"Powder, using Mo radiation"
785,Orthoclase,Powder
786,Ferroceladonite,Powder
787,Waimirite-(Y),Powder
788,Carlosturanite,Powder
789,Datolite,Powder
790,Baryte,Powder
791,Bisbeeite,Powder
792,Borocookeite,"Powder, using Mo radiation"
793,Anilite,"Powder, using Mo radiation"
794,Magnesiocopiapite,Powder
795,Gadolinite-(Y),Powder
796,Cubic zirconia,Powder
797,Inderite,Powder
798,Cymrite,"Powder, using Mo radiation"
799,Nakauriite,"Powder, using Mo radiation"
800,Creedite,Powder
801,Manganilvaite,Powder
802,Prehnite,Powder
803,Montebrasite,Powder
804,Axinite-(Fe),Powder
805,Chlorapatite,Powder
806,Dolomite,Powder
807,Paravauxite,Powder
808,Edingtonite,Powder
809,Spangolite,Powder
810,Mellite,Powder
811,Manganoneptunite,Powder
812,Clinoptilolite-Ca,Powder
813,Duftite,Powder
814,Yugawaralite,Powder
815,Ferrierite-Mg,Powder
816,Baotite,Powder
817,Enstatite,Powder
818,Richterite,Powder
819,Heulandite-Ca,Powder
820,Tilleyite,Powder
821,Baddeleyite,Powder
822,Chamosite,Powder
823,Fluorapatite,Powder
824,Petalite,Powder
825,Cordierite,Powder
826,Dravite,Powder
827,Serandite,Powder
828,Mottramite,Powder
829,Kidwellite,Powder
830,Cuprite,Powder
831,Lepidocrocite,Powder
832,Triphylite,Powder
833,Fluorapatite,Powder
834,Zinc,"Powder, using Mo radiation"
835,Hydroxylherderite,Powder
836,Metavariscite,Powder
837,Stellerite,Powder
838,Quartz,Powder
839,Heulandite-Ca,Powder
840,Langbeinite,Powder
841,Topaz,Powder
842,Fluorophlogopite,Powder
843,Chabazite-Ca,Powder
844,Spinel,Powder
845,Betekhtinite,Powder
846,Cookeite,Powder
847,Cavansite,Powder
848,Dolomite,Powder
849,Heulandite-Ca,Powder
850,Lorenzenite,Powder
851,Cassiterite,Powder
852,Levyne-Na,Powder
853,Gratonite,Powder
854,Fluor-buergerite,Powder
855,Delhayelite,Powder
856,Zabuyelite,Powder
857,Hydroxylherderite,Powder
858,Gmelinite-Na,"Powder, mixed with chabazite; a: 13.7815(4) c: 15.0380(7)"
859,Analcime,Powder
860,Zincite,Powder
861,Euxenite-(Y),Powder
862,Artinite,Powder
863,Muscovite,Powder
864,Rhodochrosite,Powder
865,Eudialyte,Powder
866,Natrolite,Powder
867,Realgar,Powder
868,Spessartine,Powder
869,Orpiment,Powder
870,Edingtonite,Powder
871,Libyan Desert glass,"Powder, amorphous"
872,Coronadite,"Powder, cannot refine cell parameters, though search match routines identify this is coronadite"
873,Godovikovite,Powder
874,Foshagite,Powder
875,Coquimbite,Powder
876,Enargite,Powder
877,Wolfeite,Powder
878,Vanadinite,Powder
879,Caryochroite,Powder
880,Baryte,Powder
881,Xenotime-(Y),Powder
882,Bismutite,Powder
883,Brazilianite,Powder
884,Potassic-magnesio-fluoro-arfvedsonite,Powder
885,Adamite,Powder
886,Almandine,Powder
887,Bakerite,Powder
888,Cookeite,Powder
889,Zincite,Powder
890,Uranophane,"Powder, using Mo radiation"
891,Manganite,Powder
892,Tremolite,Powder
893,Tritomite-(Ce),Powder
894,Triplite,Powder
895,Greenockite,Powder
896,Brazilianite,Powder
897,Minium,Powder
898,Bixbyite-(Fe),Powder
899,Natrolite,Powder
900,Celestine,Powder
901,Smithsonite,Powder
902,Anhydrite,Powder
903,Nakauriite,"Powder, using Mo radiation"
904,Natrolite,Powder
905,Wolfeite,Powder
906,Celestine,Powder
907,Aegirine,Powder
908,Spessartine,Powder
909,Livingstonite,Powder
910,Pyrope,Powder
911,Spurrite,Powder
912,Pollucite,Powder
913,Afghanite,Powder
914,Shortite,Powder
915,Laumontite,Powder
916,Ammonioalunite,Powder
917,Grossular,Powder
918,Hydroxylapatite,Powder
919,Schmitterite,"Powder, using Mo radiation"
920,Diopside,Powder
921,Gunningite,"Powder, with minor component of boyleite"
922,Fluorite,Powder
923,Brassite,Powder
924,Decrespignyite-(Y),"Powder, using Mo radiation"
925,Spodumene,Powder
926,Turquoise,Powder
927,Aragonite,Powder
928,Diopside,Powder
929,Bournonite,Powder
930,Liebigite,Powder
931,Magnesite,Powder
932,Ferro-edenite,Powder
933,Diopside,Powder
934,Heterogenite,Powder
935,Manjiroite,Powder
936,Wuyanzhiite,Powder
937,Elbaite,Powder
938,Stibiotantalite,Powder
939,Cassiterite,Powder
940,Albite,Powder
941,Manganilvaite,Powder
942,Bornite,Powder
943,Xenotime-(Y),Powder
944,Schmitterite,"Powder, using Mo radiation"
945,Topaz,Powder
946,Mordenite,Powder
947,Hausmannite,Powder
948,Bukovskyite,"Powder, using Mo radiation"
949,Potassic-fluoro-richterite,Powder
950,Russellite,Powder
951,Glauberite,Powder
952,Renierite,Powder
953,Hopeite,Powder
954,Phosgenite,Powder
955,Diopside,Powder
956,Hydroxylbastnasite-(Ce),Powder
957,Ankerite,Powder
958,Meliphanite,Powder
959,Pollucite,Powder
960,Triplite,Powder
961,Antigorite,Powder
962,Stibnite,Powder
963,Felsobanyaite,"Powder, using Mo radiation"
964,Vivianite,Powder
965,Forsterite,Powder
966,Zoisite,Powder
967,Augite,Powder
968,Quartz,Powder
969,Actinolite,"Powder, additionally shows small amount of chlorite"
970,Magnesiochromite,Powder
971,Wittichenite,Powder
972,Chalcocite,Powder
973,Adamite,Powder
974,Linarite,Powder
975,Gartrellite,"Powder, mixed with quartz"
976,Phosgenite,Powder
977,Vesuvianite,Powder
978,Galena,Powder
979,Schreibersite,Powder
980,Grossular,Powder
981,Tantalite-(Mn),Powder
982,Albite,Powder
983,Bikitaite,"Powder, with quartz (a=4.9248(2), c=5.4110(1), V=113.655(8))"
984,Magnesio-riebeckite,Powder
985,Enstatite,Powder
986,Roeblingite,Powder
987,Orpiment,Powder
988,Miserite,"Powder, mixed with wollastonite and orthoclase"
989,Danburite,Powder
990,Newberyite,Powder
991,Zunyite,Powder
992,Celestine,Powder
993,Tainiolite,Powder
994,Turquoise,Powder
995,Spinel,Powder
996,Johachidolite,Powder
997,Metarossite,Powder
998,Diopside,Powder
999,Pyrite,Powder
1000,Chabazite-Ca,Powder
1001,Hopeite,Powder
1002,Stibarsen,"Powder, mixed with arsenic; a: 4.1392(5), alpha: 54.123(6)"
1003,Orthoclase,Powder
1004,Datolite,Powder
1005,Ullmannite,Powder
1006,Beryl,Powder
1007,Caryochroite,Powder
1008,Grossular,Powder
1009,Epidote,Powder
1010,Tobermorite,Powder
1011,Chalcocite,Powder
1012,Leadhillite,Powder
1013,Chrysocolla,Powder
1014,Cerussite,Powder
1015,Agardite-(Y),"Powder, using Mo radiation"
1016,Sylvite,Powder
1017,Ferro-actinolite,Powder
1018,Mesolite,"Powder, appears to be a mix of mesolite and barrierite"
1019,Sodalite,Powder
1020,Stilbite-Ca,Powder
1021,Ferrimolybdite,"Powder, using Mo radiation"
1022,Dioptase,Powder
1023,Gearksutite,Powder
1024,Schorlomite,"Powder, mixture of two garnet phases, the second phase is andradite"
1025,Braunite,Powder
1026,Catapleiite,Powder
1027,Libethenite,Powder
1028,Fluorite,Powder
1029,Bindheimite,Powder
1030,Howlite,Powder
1031,Reinhardbraunsite,Powder
1032,Molybdenum,Powder
1033,Magnesio-hastingsite,Powder
1034,Danburite,Powder
1035,Rhodizite,Powder
1036,Epidote,Powder
1037,Lorenzenite,Powder
1038,Euxenite-(Y),Powder
1039,Carrollite,Powder
1040,Plumbogummite,Powder
1041,Agardite-(Y),"Powder, using Mo radiation"
1042,Rossmanite,Powder
1043,Tsumgallite,"Powder, using Mo radiation"
1044,Vanadinite,Powder
1045,Topaz,Powder
1046,Anglesite,Powder
1047,Titanite,Powder
1048,Rostite,Powder
1049,Meneghinite,Powder
1050,Spodumene,Powder
1051,Tremolite,Powder
1052,Zaratite,Powder
1053,Cymrite,"Powder, using Mo radiation"
1054,Petzite,Powder
1055,Celsian,Powder
1056,Kornerupine,Powder
1057,Gedrite,Powder
1058,Thomsenolite,Powder
1059,Pectolite,Powder
1060,Descloizite,Powder
1061,Foitite,Powder
1062,Charoite,Powder
1063,Natrolite,Powder
1064,Meyerhofferite,Powder
1065,Beryl,Powder
1066,Meta-autunite,Powder
1067,Hubnerite,Powder
1068,Pyrite,Powder
1069,Ferberite,Powder
1070,Eosphorite,Powder
1071,Viitaniemiite,Powder
1072,Jeremejevite,Powder
1073,Goudeyite,"Powder, using Mo radiation"
1074,Diaspore,Powder
1075,Fluorapatite,Powder
1076,Topaz,Powder
1077,Beryl,Powder
1078,Pargasite,Powder
1079,Otavite,Powder
1080,Pezzottaite,Powder
1081,Beryl,Powder
1082,Ferroceladonite,Powder
1083,Lollingite,Powder
1084,Anorthite,Powder
1085,Rutile,Powder
1086,Canosioite,Powder
1087,Jadeite,Powder
1088,Wollastonite,Powder
1089,Thenardite,Powder
1090,Clinofergusonite-(Y),Powder
1091,Elbaite,Powder
1092,Phlogopite,Powder
1093,Sphalerite,Powder
1094,Triphylite,Powder
1095,Sodalite,Powder
1096,Fluorcalciopyrochlore,Powder
1097,Grossular,Powder
1098,Halotrichite,Powder
1099,Bukovskyite,"Powder, using Mo radiation"
1100,Proto-ferro-anthophyllite,Powder
1101,Castellaroite,Powder
1102,Sodalite,Powder
1103,Diaspore,Powder
1104,Destinezite,Powder
1105,Rhodonite,Powder
1106,Lepidocrocite,Powder
1107,Zincite,Powder
1108,Eucairite,"Powder, using Mo radiation"
1109,Tremolite,Powder
1110,Diaboleite,Powder
1111,Montebrasite,Powder
1112,Lazulite,Powder
1113,Diopside,Powder
1114,Paravauxite,Powder
1115,Metarossite,Powder
1116,Pyrope,Powder
1117,Nickeline,Powder
1118,Hydroxylherderite,Powder
1119,Siegenite,"Powder, mixed with chalcopyrite [a:5.2903(5), c: 10.432(1)]"
1120,Cornwallite,Powder
1121,Enstatite,Powder
1122,Arsenic,"Powder, with sharp diffraction peaks from pyrite (a = 5.4195(1))"
1123,Sodalite,Powder
1124,Vesuvianite,Powder
1125,Spangolite,Powder
1126,Parahopeite,Powder
1127,Senarmontite,Powder
1128,Microcline,Powder
1129,Tsumgallite,"Powder, using Mo radiation"
1130,Diaspore,Powder
1131,Yttrotungstite-(Y),Powder
1132,Epidote,Powder
1133,Bobdownsite,Powder
1134,Molybdite,Powder
1135,Inesite,Powder
1136,Chalcanthite,Powder
1137,Pyrargyrite,Powder
1138,Beryl,Powder
1139,Metatorbernite,Powder
1140,Kenoargentotetrahedrite-(Fe),Powder
1141,Bisbeeite,Powder
1142,Brewsterite-Sr,Powder
1143,Fluor-buergerite,Powder
1144,Tugtupite,"Powder, intimately mixed with albite"
1145,Tincalconite,Powder
1146,Fluorapophyllite-(K),Powder
1147,Pollucite,Powder
1148,Julgoldite-(Fe2+),"Powder, mixed with quartz"
1149,Chrysotile,Powder
1150,Ishikawaite,Powder
1151,Polylithionite,"Powder, refined as 2M1 polytype"
1152,Stibiotantalite,Powder
1153,Mimetite,Powder
1154,Phenakite,Powder
1155,Clinohumite,Powder
1156,Aeschynite-(Y),"Powder, pattern is consistent with a partially metamic sample of aeschynite-(Ce)"
1157,Woodhouseite,Powder
1158,Aurichalcite,Powder
1159,Wulfenite,Powder
1160,Axinite-(Fe),Powder
1161,Manganite,Powder
1162,Beryllonite,Powder
1163,Paradamite,Powder
1164,Triplite,Powder
1165,Axinite-(Mn),Powder
1166,Zinkenite,"Powder, with stibnite"
1167,Orthoclase,Powder
1168,Descloizite,Powder
1169,Alum-(K),Powder
1170,Clinohumite,Powder
1171,Dolomite,Powder
1172,Vivianite,Powder
1173,Clinozoisite,Powder
1174,Carnallite,Powder
1175,Wittichenite,Powder
1176,Grossular,Powder
1177,Fluorite,Powder
1178,Harmotome,Powder
1179,Kyanite,Powder
1180,Rhodizite,Powder
1181,Wavellite,Powder
1182,Hureaulite,Powder
1183,Vanadinite,Powder
1184,Scheelite,Powder
1185,Fluorite,Powder
1186,Actinolite,Powder
1187,Dietrichite,Powder
1188,Leiteite,Powder
1189,Actinolite,Powder
1190,Forsterite,Powder
1191,Fluorapophyllite-(K),Powder
1192,Grossular,Powder
1193,Phlogopite,Powder
1194,Eudidymite,Powder
1195,Beaverite-(Cu),Powder
1196,Dravite,Powder
1197,Bastnasite-(Ce),Powder
1198,Siderite,Powder
1199,Marialite,Powder
1200,Haiweeite,"Powder, using Mo radiation"
1201,Ferberite,Powder
1202,Babingtonite,Powder
1203,Natrolite,Powder
1204,Braitschite-(Ce),"Powder, using Mo radiation"
1205,Zincite,Powder
1206,Chenevixite,Powder
1207,Epidote,Powder
1208,Olmiite,Powder
1209,Sulphur,Powder
1210,Magnesio-fluoro-arfvedsonite,Powder
1211,Sussexite,Powder
1212,Cerussite,Powder
1213,Stromeyerite,Powder
1214,Spencerite,Powder
1215,Clinozoisite,Powder
1216,Grossular,Powder
1217,Pargasite,Powder
1218,Catapleiite,Powder
1219,Dolomite,Powder
1220,Talc,Powder
1221,Struvite,Powder
1222,Mimetite,Powder
1223,Tetrahedrite-(Zn),Powder
1224,Pyrope,Powder
1225,Kapustinite,"Powder, refined as cubic because peaks overlap too much to properly refine the monoclinic cell"
1226,Calcite,Powder
1227,Vlasovite,Powder
1228,Piemontite,Powder
1229,Muscovite,Powder
1230,Crocoite,Powder
1231,Diopside,Powder
1232,Scorodite,Powder
1233,Andradite,Powder
1234,Bromargyrite,Powder
1235,Elpidite,Powder
1236,Magnesiochromite,Powder
1237,Topaz,Powder
1238,Muscovite,Powder
1239,Ferrimolybdite,Powder
1240,Ankerite,Powder
1241,Kirschsteinite,Powder
1242,Bastnasite-(Ce),Powder
1243,K3Fe(CN)5NO,Powder
1244,Andradite,Powder
1245,Cuprite,Powder
1246,Silicon,Powder
1247,Witherite,Powder
1248,Heulandite-Ca,Powder
1249,Amblygonite,"Powder, mixed with spodumene and wavellite"
1250,Chevkinite-(Ce),Powder
1251,Triphylite,Powder
1252,Hydroxylherderite,Powder
1253,Epidote,Powder
1254,Titanite,Powder
1255,Ferrierite-Mg,Powder
1256,Spessartine,Powder
1257,Pyrochlore,Powder
1258,Fluorapophyllite-(K),Powder
1259,Calcite,Powder
1260,Beryl,Powder
1261,Agardite-(Y),"Powder, using Mo radiation"
1262,Uranophane,"Powder, using Mo radiation"
1263,Enstatite,Powder
1264,Petalite,Powder
1265,Teallite,Powder
1266,Witherite,Powder
1267,Nepheline,Powder
1268,Xenotime-(Y),Powder
1269,Elpidite,Powder
1270,Edenite,Powder
1271,Rhodochrosite,Powder
1272,Clinoptilolite-Ca,Powder
1273,Zoisite,Powder
1274,Magnetite,Powder
1275,Gartrellite,"Powder, mixed with quartz"
1276,Talc,Powder
1277,Laumontite,Powder
1278,Stichtite,Powder
1279,Szaibelyite,Powder
1280,Datolite,Powder
1281,Phenakite,Powder
1282,Covellite,Powder
1283,Forsterite,Powder
1284,Ullmannite,Powder
1285,Phillipsite-Ca,Powder
1286,Elbaite,Powder
1287,Gehlenite,Powder
1288,Pyrosmalite-(Fe),Powder
1289,Scolecite,Powder
1290,Sapphirine,Powder
1291,Amblygonite,"Powder, mixed with spodumene and wavellite"
1292,Colemanite,Powder
1293,Spinel,Powder
1294,Helvine,Powder
1295,Titanite,Powder
1296,Anorthite,Powder
1297,Pyrochlore,Powder
1298,Grunerite,Powder
1299,Papagoite,Powder
1300,Franklinite,Powder
1301,Smithsonite,Powder
1302,Ezcurrite,Powder
1303,Covellite,Powder
1304,Romarchite,"Powder, using Mo radiation"
1305,Sphalerite,Powder
1306,Albite,Powder
1307,Cordierite,Powder
1308,Chalcopyrite,Powder
1309,Elbaite,Powder
1310,Crocoite,Powder
1311,Ludlamite,Powder
1312,Hureaulite,Powder
1313,Duftite,"Powder, using Mo radiation"
1314,Hematite,Powder
1315,Xenotime-(Y),Powder
1316,Soddyite,Powder
1317,Actinolite,"Powder, additionally shows small amount of chlorite"
1318,Amber,Powder
1319,Fairfieldite,Powder
1320,Gmelinite-Na,Powder
1321,Pickeringite,Powder
1322,Eucairite,"Powder, using Mo radiation"
1323,Clinozoisite,Powder
1324,Fayalite,Powder
1325,Cuprite,Powder
1326,Ferrowyllieite,Powder
1327,Muscovite,Powder
1328,Metavoltine,"Powder, using Mo radiation"
1329,Magnesiochromite,Powder
1330,Philipsbornite,Powder
1331,Vanadinite,Powder
1332,Polylithionite,"Powder, refined as 2M1 polytype"
1333,Prosopite,Powder
1334,Hauyne,Powder
1335,Adamite,Powder
1336,Eosphorite,Powder
1337,Sanidine,Powder
1338,Stellerite,"Powder, mixed with chabazite"
1339,Witherite,Powder
1340,Agrellite,Powder
1341,Axinite-(Fe),Powder
1342,Spodumene,Powder
1343,Gillespite,Powder
1344,Ishikawaite,Powder
1345,Microcline,Powder
1346,Starkeyite,Powder
1347,Diopside,Powder
1348,Brazilianite,Powder
1349,Realgar,Powder
1350,Spinel,Powder
1351,Chalcanthite,Powder
1352,Legrandite,Powder
1353,Benitoite,Powder
1354,Kovdorskite,Powder
1355,Pseudomalachite,Powder
1356,Gypsum,Powder
1357,Molybdite,Powder
1358,Almandine,Powder
1359,Beryl,Powder
1360,Hedenbergite,Powder
1361,Titanite,Powder
1362,Barrerite,Powder
1363,Anorthite,Powder
1364,Wiluite,Powder
1365,Argentojarosite,Powder
1366,Volborthite,Powder
1367,Chenevixite,Powder
1368,Parahopeite,Powder
1369,Larisaite,"Powder, using Mo radiation"
1370,Spinel,Powder
1371,Chkalovite,Powder
1372,Columbite-(Fe),Powder
1373,Meta-autunite,Powder
1374,Columbite-(Fe),Powder
1375,Elbaite,Powder
1376,Chiolite,Powder
1377,Ammoniomagnesiovoltaite,Powder
1378,Smithsonite,Powder
1379,Viitaniemiite,Powder
1380,Paravauxite,Powder
1381,Barysilite,Powder
1382,Zircon,Powder
1383,Andalusite,Powder
1384,Hedenbergite,Powder
1385,Edenite,Powder
1386,Weloganite,Powder
1387,Pyromorphite,Powder
1388,Pyrophyllite,Powder
1389,Hematite,Powder
1390,Vivianite,Powder
1391,Pyrochlore,Powder
1392,Epidote,Powder
1393,Ferrimolybdite,"Powder, using Mo radiation"
1394,Albite,Powder
1395,Calcurmolite,"Powder, using Mo radiation"
1396,Tinticite,Powder
1397,Cordierite,Powder
1398,Calcite,Powder
1399,Tugarinovite,Powder
1400,Bastnasite-(Ce),Powder
1401,Beryl,Powder
1402,Metatorbernite,Powder
1403,Chamosite,Powder
1404,Shortite,Powder
1405,Hardystonite,Powder
1406,Molybdenum,Powder
1407,Muscovite,Powder
1408,Fluorcalciomicrolite,Powder
1409,Pseudomalachite,"Powder, using Mo radiation"
1410,Jadeite,Powder
1411,Anorthite,Powder
1412,Euxenite-(Y),Powder
1413,Andradite,Powder
1414,Petalite,Powder
1415,Marialite,Powder
1416,Siderite,Powder
1417,Villiaumite,Powder
1418,Sphalerite,Powder
1419,Sanbornite,Powder
1420,Diopside,Powder
1421,Spessartine,Powder
1422,Zwieselite,Powder
1423,Carnallite,Powder
1424,Howlite,Powder
1425,Clinofergusonite-(Ce),Powder
1426,Silver,Hammered into thin foil
1427,Gaspeite,Powder
1428,Diaboleite,Powder
1429,Thenardite,Powder
1430,Titanite,Powder
1431,Ferrimolybdite,Powder
1432,Paravauxite,Powder
1433,Epistilbite,Powder
1434,Whewellite,Powder
1435,Taranakite,Powder
1436,Realgar,Powder
1437,Renierite,Powder
1438,Bismuth,Powder
1439,Marokite,Powder
1440,Vivianite,Powder
1441,Polyhalite,Powder
1442,Vivianite,Powder
1443,Edingtonite,Powder
1444,Wendwilsonite,Powder
1445,Delhayelite,Powder
1446,Hardystonite,Powder
1447,Elbaite,Powder
1448,Hydroxylherderite,Powder
1449,Montebrasite,Powder
1450,Cuprite,Powder
1451,Taranakite,Powder
1452,Bromargyrite,Powder
1453,Gaudefroyite,Powder
1454,Syngenite,Powder
1455,Svanbergite,Powder
1456,Grossular,Powder
1457,Chalcopyrite,Powder
1458,Brannerite,Powder
1459,Scheelite,Powder
1460,Hastingsite,Powder
1461,Garronite-Ca,Powder
1462,Ankerite,Powder
1463,Sillimanite,Powder
1464,Magadiite,Powder
1465,Kaliborite,Powder
1466,Chapmanite,Powder
1467,Polylithionite,"Powder, with trace corundum contamination from the grinding process"
1468,Wohlerite,Powder
1469,Hambergite,Powder
1470,Colemanite,Powder
1471,Blodite,Powder
1472,Polydymite,Powder
1473,Glauberite,Powder
1474,Paramontroseite,Powder
1475,Opal,Powder
1476,Augelite,Powder
1477,Beryl,Powder
1478,Andradite,Powder
1479,Albite,Powder
1480,Gyrolite,Powder
1481,Andalusite,Powder
1482,Talc,Powder
1483,Platinum,"Powder, using Mo radiation"
1484,Tourmaline,Powder
1485,Muscovite,Powder
1486,Dawsonite,Powder
1487,Woodwardite,"Powder, using Mo radiation"
1488,Sussexite,Powder
1489,Chabazite-Ca,Powder
1490,Leucite,Powder
1491,Phlogopite,Powder
1492,Serandite,Powder
1493,Yoderite,Powder
1494,Tobermorite,Powder
1495,Vladimirivanovite,Powder
1496,Vanadinite,Powder
1497,Xanthoxenite,Powder
1498,Hibonite,Powder
1499,Spinel,Powder
1500,Thomsenolite,Powder
1501,Ferrimolybdite,Powder
1502,Phlogopite,Powder
1503,Orpiment,Powder
1504,Fluorapatite,Powder
1505,Leucophanite,Powder
1506,Tiemannite,Powder
1507,Analcime,Powder
1508,Cechite,Powder
1509,Hausmannite,Powder
1510,Suolunite,Powder
1511,Almandine,Powder
1512,Magnetite,Powder
1513,Sapphirine,Powder
1514,Ammonioalunite,Powder
1515,Pyrophyllite,Powder
1516,Riebeckite,Powder
1517,Anorthite,Powder
1518,Lipuite,Powder
1519,Ferberite,Powder
1520,Willemite,Powder
1521,Prosopite,Powder
1522,Zoisite,Powder
1523,Allactite,Powder
1524,Rammelsbergite,Powder
1525,Ephesite,Powder
1526,Suolunite,Powder
1527,Plumbogummite,Powder
1528,Fluorapatite,Powder
1529,Sapphirine,Powder
1530,Conichalcite,"Powder, mixed with adamite"
1531,Hastingsite,Powder
1532,Richterite,Powder
1533,Lamprophyllite,Powder
1534,Pyrophyllite,Powder
1535,Topaz,Powder
1536,Tinzenite,Powder
1537,Tennantite-(Zn),Powder
1538,Tennantite-(Zn),Powder
1539,Colemanite,Powder
1540,Vanadinite,Powder
1541,Heklaite,Powder
1542,Fluorite,Powder
1543,Yuksporite,Powder
1544,Lazulite,Powder
1545,Brannerite,Powder
1546,Fluorapatite,Powder
1547,Leiteite,Powder
1548,Haiweeite,"Powder, using Mo radiation"
1549,Zunyite,Powder
1550,Bikitaite,Powder
1551,Aurichalcite,Powder
1552,Gyrolite,Powder
1553,Gillespite,Powder
1554,Rutile,Powder
1555,Allanite-(Ce),Powder
1556,Rhodochrosite,Powder
1557,Petalite,Powder
1558,Chalcosiderite,"Powder, using Mo radiation"
1559,Thorianite,Powder
1560,Stellerite,Powder
1561,Zeophyllite,Powder
1562,Sorensenite,Powder
1563,Stibiotantalite,Powder
1564,Fluorapophyllite-(K),Powder
1565,Despujolsite,Powder
1566,Manganite,Powder
1567,Montebrasite,Powder
1568,Clinoptilolite-Na,Powder
1569,Nahcolite,Powder
1570,Chlorartinite,"Powder, mixed with aragonite"
1571,Sogdianite,Powder
1572,Vanadinite,Powder
1573,Axinite-(Fe),Powder
1574,Eudialyte,Powder
1575,Sulphohalite,Powder
1576,Manganite,Powder
1577,Krohnkite,Powder
1578,Naumannite,"Powder, using Mo radiation"
1579,Topaz,Powder
1580,Baryte,Powder
1581,Microcline,Powder
1582,Uraninite,Powder
1583,Chalcopyrite,Powder
1584,Gahnite,Powder
1585,Piemontite,Powder
1586,Bastnasite-(Ce),Powder
1587,Elbaite,Powder
1588,Pyrite,"Powder, using Mo radiation"
1589,Stichtite,"Powder, using Mo radiation"
1590,Topaz,Powder
1591,Orthoclase,Powder
1592,Platinum,"Powder, using Mo radiation"
1593,Spessartine,Powder
1594,Teallite,Powder
1595,Reedmergnerite,Powder
1596,Euxenite-(Y),Powder
1597,Minium,Powder
1598,Boleite,Powder
1599,Fluoro-richterite,Powder
1600,Nitratine,Powder
1601,Gearksutite,Powder
1602,Petzite,Powder
1603,Ardealite,Powder
1604,Heulandite-Ca,Powder
1605,Triphylite,Powder
1606,Annite,Powder
1607,Awaruite,"Powder, mixed with andradite: a:12.0607(4)"
1608,Spessartine,Powder
1609,Leucite,Powder
1610,Eosphorite,Powder
1611,Ulexite,Powder
1612,Adamite,Powder
1613,Tiemannite,Powder
1614,Alunogen,Powder
1615,Baddeleyite,Powder
1616,Polydymite,Powder
1617,Dolomite,Powder
1618,Simpsonite,Powder
1619,Baryte,Powder
1620,Shattuckite,Powder
1621,Erythrite,Powder
1622,Gahnite,Powder
1623,Triphylite,Powder
1624,Axinite-(Fe),Powder
1625,Karibibite,"Powder, using Mo radiation"
1626,Langite,Powder
1627,Trolleite,Powder
1628,Topaz,Powder
1629,Epidote,Powder
1630,Cancrinite,Powder
1631,Cubic zirconia,Powder
1632,Beryllonite,Powder
1633,Hibonite,Powder
1634,Silicon,Powder
1635,Marialite,Powder
1636,Dolomite,Powder
1637,Anglesite,Powder
1638,Tunellite,Powder
1639,Allanite-(Ce),Powder
1640,Wardite,Powder
1641,Cobaltite,Powder
1642,Sogdianite,Powder
1643,Tennantite-(Zn),Powder
1644,Triplite,Powder
1645,Foitite,Powder
1646,Salammoniac,Powder
1647,Cerussite,Powder
1648,Cryolite,Powder
1649,Vesuvianite,Powder
1650,Jamesonite,"Powder, mixed with sphalerite a:5.4182(3)"
1651,Cinnabar,Powder
1652,Felsobanyaite,Powder
1653,Brassite,Powder
1654,Elbaite,Powder
1655,Libyan Desert glass,"Powder, amorphous"
1656,Halite,Powder
1657,Marialite,Powder
1658,Andradite,Powder
1659,Ezcurrite,Powder
1660,Topaz,Powder
1661,Ardealite,Powder
1662,Smithsonite,Powder
1663,Gehlenite,Powder
1664,Azurite,Powder
1665,Calcite,Powder
1666,Thomsonite-Ca,Powder
1667,Enstatite,"Powder, mixed with anthophyllite (cell parameters 18.525(2), 18.000(4), 5.284(2))"
1668,Curienite,Powder
1669,Vesuvianite,Powder
1670,Tungstenite,"Powder, mixed with galena"
1671,Celestine,Powder
1672,Enargite,Powder
1673,Chlorargyrite,Powder
1674,Hydromagnesite,Powder
1675,Fairfieldite,Powder
1676,Galena,Powder
1677,Richterite,Powder
1678,Natroalunite,Powder
1679,Triplite,Powder
1680,Humite,Powder
1681,Thorianite,Powder
1682,Lizardite,Powder
1683,Siderazot,Powder
1684,Beryl,Powder
1685,Forsterite,Powder
1686,Spinel,Powder
1687,Fluoro-richterite,Powder
1688,Cancrinite,Powder
1689,Alabandite,Powder
1690,Glauberite,Powder
1691,Olivenite,Powder
1692,Whiteite-(CaFeMg),Powder
1693,Pyromorphite,Powder
1694,Humberstonite,Powder
1695,Tschermigite,Powder
1696,Merwinite,Powder
1697,Balangeroite,Powder
1698,Fluorapatite,Powder
1699,Brazilianite,Powder
1700,Picropharmacolite,"Powder, using Mo radiation"
1701,Kyanite,Powder
1702,Spessartine,Powder
1703,Uvarovite,Powder
1704,Topaz,Powder
1705,Diopside,Powder
1706,Witherite,Powder
1707,Thorianite,Powder
1708,Guyanaite,"Powder, mixture includes bracewellite, eskolaite and quartz"
1709,Fluor-liddicoatite,Powder
1710,Thorianite,Powder
1711,Andalusite,Powder
1712,Burbankite,Powder
1713,Chrysotile,Powder
1714,Balangeroite,Powder
1715,Braunite,Powder
1716,Vesuvianite,Powder
1717,Phillipsite-Ca,Powder
1718,Mendipite,Powder
1719,Schwertmannite,"Powder, sharp peak is quartz"
1720,Natrodufrenite,Powder
1721,Cerussite,Powder
1722,Chalcanthite,Powder
1723,Plombierite,Powder
1724,Vivianite,Powder
1725,Yttrotantalite-(Y),Powder
1726,Manjiroite,Powder
1727,Albite,Powder
1728,Enstatite,Powder
1729,Sepiolite,Powder
1730,Azurite,Powder
1731,Titanite,Powder
1732,Clinohumite,Powder
1733,Dietrichite,Powder
1734,Bikitaite,Powder
1735,Bannisterite,Powder
1736,Topaz,Powder
1737,Sepiolite,Powder
1738,Vuagnatite,Powder
1739,Carnotite,Powder
1740,Catapleiite,Powder
1741,Naumannite,"Powder, using Mo radiation"
1742,Senarmontite,Powder
1743,Wohlerite,Powder
1744,Boulangerite,Powder
1745,Siderite,Powder
1746,Stibarsen,"Powder, mixed with arsenic; a: 4.1392(5), alpha: 54.123(6)"
1747,Huntite,Powder
1748,Wulfenite,Powder
1749,Realgar,Powder
1750,Pyrargyrite,Powder
1751,Vayrynenite,Powder
1752,Triphylite,Powder
1753,Liebigite,Powder
1754,Harmotome,Powder
1755,Elbaite,Powder
1756,Zircon,Powder
1757,Gormanite,Powder
1758,Crocoite,Powder
1759,Orthoclase,Powder
1760,Huntite,Powder
1761,Cylindrite,Powder
1762,Hydroxylclinohumite,Powder
1763,Pyromorphite,Powder
1764,Paravauxite,Powder
1765,Phurcalite,"Powder, using Mo radiation"
1766,Uranophane,Powder
1767,Grossular,Powder
1768,Natrolite,Powder
1769,Aegirine,Powder
1770,Spodumene,Powder
1771,Olivenite,Powder
1772,Grossular,Powder
1773,Stilbite-Ca,Powder
1774,Spodumene,Powder
1775,Opal,Powder
1776,Vonsenite,Powder
1777,Salammoniac,Powder
1778,Taneyamalite,Powder
1779,Thomsonite-Ca,Powder
1780,Microcline,Powder
1781,Bromargyrite,"Powder, using Mo radiation"
1782,Thomsonite-Ca,Powder
1783,Vivianite,Powder
1784,Digenite,Powder
1785,Pyroxmangite,Powder
1786,Eosphorite,Powder
1787,Pyrochlore,Powder
1788,Kernite,Powder
1789,Grunerite,Powder
1790,Ilmenite,Powder
1791,Trona,Powder
1792,Malachite,"Powder, using Mo radiation"
1793,Manganvesuvianite,Powder
1794,Aragonite,Powder
1795,Kurnakovite,Powder
1796,Despujolsite,Powder
1797,Nahcolite,Powder
1798,Pseudomalachite,Powder
1799,Beaverite-(Cu),Powder
1800,Colemanite,Powder
1801,Delafossite,Powder
1802,Edenite,Powder
1803,Rhodochrosite,Powder
1804,Tenorite,"Powder, using Mo radiation"
1805,Scheelite,Powder
1806,Natrolite,Powder
1807,Ferrimolybdite,Powder
1808,Bahianite,Powder
1809,Nesquehonite,Powder
1810,Pyrochlore,Powder
1811,Valleriite,Powder
1812,Romarchite,"Powder, using Mo radiation"
1813,Spertiniite,"Powder, using Mo radiation"
1814,Stichtite,Powder
1815,Priceite,Powder
1816,Fluor-uvite,Powder
1817,Larisaite,"Powder, using Mo radiation"
1818,Bustamite,Powder
1819,Humite,Powder
1820,Marialite,Powder
1821,Mendipite,Powder
1822,Perovskite,Powder
1823,Andalusite,Powder
1824,Heulandite-Ca,Powder
1825,Gaylussite,Powder
1826,Bastnasite-(Ce),Powder
1827,Anglesite,Powder
1828,Krohnkite,Powder
1829,Forsterite,Powder
1830,Fluorapatite,Powder
1831,Microcline,Powder
1832,Grossular,Powder
1833,Andalusite,Powder
1834,Calcite,Powder
1835,Borax,"Powder, mixture with tincalconite; a: 11.125(2), c: 21.198(7)"
1836,Gadolinite-(Y),Powder
1837,Perite,"Powder, using Mo radiation"
1838,Arfvedsonite,Powder
1839,Portlandite,Powder
1840,Humite,Powder
1841,Epidote,Powder
1842,Leucite,Powder
1843,Grunerite,Powder
1844,Whiteite-(CaFeMg),Powder
1845,Kurnakovite,Powder
1846,Corvusite,Powder
1847,Chalcanthite,Powder
1848,Arsenopyrite,Powder
1849,Eudidymite,Powder
1850,Rostite,Powder
1851,Arrojadite-(KNa),Powder
1852,Wollastonite,Powder
1853,Topaz,Powder
1854,Mesolite,Powder
1855,Forsterite,Powder
1856,Pyrochlore,Powder
1857,Perite,"Powder, using Mo radiation"
1858,Amarantite,Powder
1859,Leadhillite,Powder
1860,Marialite,Powder
1861,Paravauxite,Powder
1862,Aragonite,Powder
1863,Diopside,Powder
1864,Fluor-liddicoatite,Powder
1865,Gmelinite-Na,Powder
1866,Hydroxylherderite,Powder
1867,Hastingsite,Powder
1868,Struvite,Powder
1869,Rhodonite,Powder
1870,Almandine,Powder
1871,Cobaltite,Powder
1872,Kovdorskite,Powder
1873,Arsenopyrite,Powder
1874,Brookite,Powder
1875,Satterlyite,Powder
1876,Platinum,"Powder, using Mo radiation"
1877,Clinohedrite,Powder
1878,Babingtonite,Powder
1879,Probertite,Powder
1880,Richterite,Powder
1881,Zinkenite,"Powder, with stibnite"
1882,Greenockite,Powder
1883,Starkeyite,Powder
1884,Muscovite,Powder
1885,Actinolite,Powder
1886,Argentojarosite,Powder
1887,Schrockingerite,Powder
1888,Pyrochlore,Powder
1889,Narsarsukite,Powder
1890,Ulexite,Powder
1891,Gersdorffite,Powder
1892,Meta-autunite,Powder
1893,Diopside,Powder
1894,Planerite,"Powder, using Mo radiation"
1895,Curienite,Powder
1896,Tantalite-(Fe),Powder
1897,Starkeyite,Powder
1898,Opal,Powder
1899,Tinticite,"Powder, with some quartz"
1900,Hastingsite,Powder
1901,Albite,Powder
1902,Thenardite,Powder
1903,Prehnite,Powder
1904,Mordenite,Powder
1905,Rhodonite,Powder
1906,Chlorapatite,Powder
1907,Arsenolamprite,Powder
1908,Brannerite,Powder
1909,Mimetite,Powder
1910,Pyrite,"Powder, using Mo radiation"
1911,Olivenite,Powder
1912,Halite,Powder
1913,Zirkelite,Powder
1914,Elbaite,Powder
1915,Mesolite,Powder
1916,Pyrope,Powder
1917,Fluorapatite,Powder
1918,Chrysocolla,Powder
1919,Babingtonite,Powder
1920,Arsenolite,Powder
1921,Bismutite,Powder
1922,Chabazite-Ca,Powder
1923,Almandine,Powder
1924,Friedelite,Powder
1925,Malachite,"Powder, using Mo radiation"
1926,Sorensenite,Powder
1927,Beryl,Powder
1928,Hambergite,Powder
1929,Halite,Powder
1930,Montebrasite,Powder
1931,Datolite,Powder
1932,Nontronite,Powder
1933,Fluorite,Powder
1934,Topaz,Powder
1935,Vivianite,Powder
1936,Galena,Powder
1937,Lawsonite,Powder
1938,Laumontite,Powder
1939,Tugtupite,"Powder, intimately mixed with albite"
1940,Beryl,Powder
1941,Siderazot,Powder
1942,Rossmanite,Powder
1943,Heulandite-Ca,Powder
1944,Clinoclase,Powder
1945,Heklaite,Powder
1946,Soddyite,Powder
1947,Lazulite,Powder
1948,Borax,"Powder, mixture with tincalconite; a: 11.125(2), c: 21.198(7)"
1949,Titanite,Powder
1950,Zabuyelite,Powder
1951,Proustite,Powder
1952,Stibnite,Powder
1953,Clinofergusonite-(Y),Powder
1954,Muscovite,Powder
1955,Manjiroite,"Powder, using Mo radiation"
1956,Cassiterite,Powder
1957,Hydromagnesite,Powder
1958,Calcite,Powder
1959,Miargyrite,Powder
1960,Microcline,Powder
1961,Kutnohorite,"Powder, mixture with a second carbonate phase"
1962,Chalcopyrite,Powder
1963,Gmelinite-Na,Powder
1964,Gaspeite,Powder
1965,Cristobalite,Powder
1966,Magnetoplumbite,Powder
1967,Burkeite,"Powder, mixed with thenardite"
1968,Foitite,Powder
1969,Sphalerite,Powder
1970,Thenardite,Powder
1971,Beidellite,Powder
1972,Bismuth,Powder
1973,Sigloite,Powder
1974,Stephanite,Powder
1975,Nifontovite,Powder
1976,Calcite,Powder
1977,Fluorapatite,Powder
1978,Neptunite,Powder
1979,Julgoldite-(Fe2+),"Powder, mixed with quartz"
1980,Forsterite,Powder
1981,Cuprite,Powder
1982,Selenium,Powder
1983,Umangite,"Powder, using Mo radiation"
1984,Wohlerite,Powder
1985,Pectolite,Powder
1986,Augelite,Powder
1987,Yttrotungstite-(Y),Powder
1988,Barytocalcite,Powder
1989,Tungstite,"Powder, using Mo radiation"
1990,Zoisite,Powder
1991,Tinticite,"Powder, with some quartz"
1992,Meliphanite,Powder
1993,Zektzerite,Powder
1994,Hydroxylherderite,Powder
1995,Kimzeyite,"Powder, mixture of two garnets, refined andradite, a = 12.1073(8)"
1996,Parabutlerite,Powder
1997,Hessite,"Powder, using Mo radiation"
1998,Felsobanyaite,Powder
1999,Lazulite,Powder
2000,Diopside,Powder
2001,Arsenic,"Powder, with sharp diffraction peaks from pyrite (a = 5.4195(1))"
2002,Beryl,Powder
2003,Tveitite-(Y),Powder
2004,Babingtonite,Powder
2005,Polyhalite,Powder
2006,Andradite,Powder
2007,Rhodonite,Powder
2008,Braunite,Powder
2009,Hubnerite,Powder
2010,Garronite-Ca,Powder
2011,Vayrynenite,Powder
2012,Augelite,Powder
2013,Triplite,Powder
2014,Vonsenite,Powder
2015,Actinolite,Powder
2016,Aeschynite-(Y),"Powder, pattern is consistent with a partially metamic sample of aeschynite-(Ce)"
2017,Tennantite-(Zn),Powder
2018,Zincite,Powder
2019,Fluorapatite,Powder
2020,Fluorophlogopite,Powder
2021,Waimirite-(Y),Powder
2022,Annabergite,Powder
2023,Orthoclase,Powder
2024,Benitoite,Powder
2025,Jamesonite,Powder
2026,Meta-autunite,Powder
2027,Dravite,Powder
2028,Livingstonite,Powder
2029,Arsenopyrite,Powder
2030,Benstonite,Powder
2031,Hedenbergite,Powder
2032,Ludwigite,Powder
2033,Prehnite,Powder
2034,Stichtite,"Powder, using Mo radiation"
2035,Manganoneptunite,Powder
2036,Aeschynite-(Y),Powder
2037,Bakerite,Powder
2038,Blodite,Powder
2039,Ilmenite,Powder
2040,Monticellite,Powder
2041,Analcime,Powder
2042,Guite,Powder
2043,Braunite,Powder
2044,Grossular,Powder
2045,Arsenopyrite,Powder
2046,Nifontovite,Powder
2047,Sphalerite,Powder
2048,Dolomite,Powder
2049,Eudidymite,Powder
2050,Triplite,Powder
2051,Gadolinite-(Y),Powder
2052,Euxenite-(Y),Powder
2053,Rhodonite,Powder
2054,Topaz,Powder
2055,Afghanite,Powder
2056,Willemite,Powder
2057,Carnotite,Powder
2058,Natroalunite,Powder
2059,Fluorcarletonite,Powder
2060,Shattuckite,Powder
2061,Hollandite,Powder
2062,Enstatite,Powder
2063,Enargite,Powder
2064,Agrellite,Powder
2065,Inderite,Powder
2066,Cristobalite,Powder
2067,Sphalerite,Powder
2068,Actinolite,Powder
2069,Epidote,Powder
2070,Plombierite,Powder
2071,Grossular,Powder
2072,Elbaite,Powder
2073,Paralaurionite,Powder
2074,Meneghinite,Powder
2075,Ferro-edenite,Powder
2076,Senegalite,Powder
2077,Franklinite,Powder
2078,Bastnasite-(Ce),Powder
2079,Covellite,Powder
2080,Augite,Powder
2081,Wardite,Powder
2082,Zeophyllite,Powder
2083,Inesite,Powder
2084,Grossular,Powder
2085,Pyromorphite,Powder
2086,Magnesiochromite,Powder
2087,Cechite,Powder
2088,Germanite,"Powder, with minor tennantite (cubic: a=10.24)"
2089,Sphalerite,Powder
2090,Vivianite,Powder
2091,Phlogopite,Powder
2092,Fluorapatite,Powder
2093,Hollandite,Powder
2094,Marialite,Powder
2095,Anorthite,Powder
2096,Brucite,Powder
2097,Azurite,Powder
2098,Bindheimite,Powder
2099,Grossular,Powder
2100,Clinofergusonite-(Ce),Powder
2101,Serandite,Powder
2102,Orpiment,Powder
2103,Merwinite,Powder
2104,Enargite,Powder
2105,Pyromorphite,Powder
2106,Grunerite,Powder
2107,Chevkinite-(Ce),Powder
2108,Schorl,Powder
2109,Phillipsite-Ca,Powder
2110,Epidote,Powder
2111,Stillwellite-(Ce),Powder
2112,Tainiolite,Powder
2113,Lamprophyllite,Powder
2114,Felsobanyaite,"Powder, using Mo radiation"
2115,Buddingtonite,Powder
2116,Paramontroseite,Powder
2117,Proustite,Powder
2118,Columbite-(Mn),Powder
2119,Inyoite,Powder
2120,Beryl,Powder
2121,Brazilianite,Powder
2122,Fluorapatite,Powder
2123,Phlogopite,Powder
2124,Muscovite,Powder
2125,Spessartine,Powder
2126,Phlogopite,Powder
2127,Grossular,Powder
2128,Almandine,Powder
2129,Tremolite,Powder
2130,Adamite,Powder
2131,Woodhouseite,Powder
2132,Cordierite,Powder
2133,Hedenbergite,Powder
2134,Diopside,Powder
2135,Albite,Powder
2136,Bayldonite,Powder
2137,Fluorapophyllite-(K),Powder
2138,Delafossite,Powder
2139,Fluorapatite,Powder
2140,Microcline,Powder
2141,Axinite-(Fe),Powder
2142,Pyrope,Powder
2143,Strontianite,Powder
2144,Clinochlore,Powder
2145,Hausmannite,Powder
2146,Grunerite,Powder
2147,Hubnerite,Powder
2148,Fluorophlogopite,Powder
2149,Fluorapatite,Powder
2150,Graphite,Powder
2151,Chondrodite,Powder
2152,Braunite,Powder
2153,Diopside,Powder
2154,Turquoise,Powder
2155,Celsian,Powder
2156,Hematite,Powder
2157,Chrysoberyl,Powder
2158,Hollandite,Powder
2159,Metavoltine,"Powder, using Mo radiation"
2160,Moraesite,Powder
2161,Akermanite,Powder
2162,Calcite,Powder
2163,Anilite,"Powder, using Mo radiation"
2164,Argentojarosite,Powder
2165,Cassiterite,Powder
2166,Hemimorphite,Powder
2167,Sillimanite,Powder
2168,Chondrodite,Powder
2169,Stromeyerite,Powder
2170,Vonsenite,Powder
2171,Livingstonite,Powder
2172,Quartz,Powder
2173,Sodalite,Powder
2174,Albite,Powder
2175,Uvarovite,Powder
2176,Epistilbite,Powder
2177,Szaibelyite,Powder
2178,Whewellite,Powder
2179,Hydrotalcite,Powder
2180,Anglesite,Powder
2181,Wiluite,Powder
2182,Dioptase,Powder
2183,Hydroniumjarosite,Powder
2184,Xanthoxenite,Powder
2185,Amblygonite,Powder
2186,Almandine,Powder
2187,Rutile,Powder
2188,Bastnasite-(Ce),Powder
2189,Euclase,Powder
2190,Proto-ferro-suenoite,Powder
2191,Thomsonite-Ca,Powder
2192,Manganogrunerite,Powder
2193,Anorthite,Powder
2194,Covellite,Powder
2195,Sekaninaite,Powder
2196,Dolomite,Powder
2197,Marokite,Powder
2198,Glauberite,Powder
2199,Linarite,Powder
2200,Mooreite,Powder
2201,Picropharmacolite,"Powder, using Mo radiation"
2202,Vlasovite,Powder
2203,Andradite,Powder
2204,Zircon,Powder
2205,Magnetite,Powder
2206,Dumortierite,Powder
2207,Malachite,Powder
2208,Rossmanite,"Powder, mixed with quartz"
2209,Ilsemannite,"Powder, using Mo radiation"
2210,Empressite,Powder using Cu radiation
2211,Tetrahedrite-(Zn),Powder
2212,Manjiroite,"Powder, using Mo radiation"
2213,Forsterite,Powder
2214,Dolomite,Powder
2215,Pseudomalachite,"Powder, using Mo radiation"
2216,Barysilite,Powder
2217,Magnesite,Powder
2218,Bikitaite,"Powder, with quartz (a=4.9248(2), c=5.4110(1), V=113.655(8))"
2219,Grossular,Powder
2220,Montmorillonite,Powder
2221,Diaboleite,Powder
2222,Destinezite,Powder
2223,Hydroxylapatite,Powder
2224,Wohlerite,Powder
2225,Slavikite,"Powder, using Mo radiation"
2226,Bahianite,Powder
2227,Stromeyerite,Powder
2228,Clinochlore,Powder
2229,Hubnerite,Powder
2230,Gillespite,Powder
2231,Copper,"Powder, using Mo radiation"
2232,Papagoite,Powder
2233,Scolecite,Powder
2234,Stephanite,Powder
2235,Humberstonite,Powder
2236,Andalusite,Powder
2237,Creedite,Powder
2238,Langbeinite,Powder
2239,Pezzottaite,Powder
2240,Tritomite-(Ce),Powder
2241,Beryllonite,Powder
2242,Opal,Powder
2243,Epidote,Powder
2244,Quartz,Powder
2245,Hematite,Powder
2246,Chloritoid,Powder
2247,Forsterite,Powder
2248,Zincite,Powder
2249,Vesuvianite,Powder
2250,Hydroxylapatite,Powder
2251,Axinite-(Mn),Powder
2252,Zoisite,Powder
2253,Gypsum,Powder
2254,Sillimanite,Powder
2255,Hematite,Powder
2256,Augelite,Powder
2257,Probertite,Powder
2258,Parisite-(Ce),Powder
2259,Pyrope,Powder
2260,Scheelite,Powder
2261,Slavikite,"Powder, using Mo radiation"
2262,Almandine,Powder
2263,Dickite,"Powder, mixed with quartz"
2264,Arfvedsonite,Powder
2265,Andradite,Powder
2266,Marialite,Powder
2267,Charoite,Powder
2268,Aurichalcite,Powder
2269,Tremolite,Powder
2270,Sphalerite,Powder
2271,Miserite,Powder
2272,Zwieselite,Powder
2273,Galkhaite,Powder
2274,Kapustinite,"Powder, refined as cubic because peaks overlap too much to properly refine the monoclinic cell"
2275,Cuprite,Powder
2276,Malachite,Powder
2277,Grossular,Powder
2278,Yugawaralite,Powder
2279,Tilleyite,Powder
2280,Barrerite,Powder
2281,Zykaite,Powder
2282,Borocookeite,"Powder, using Mo radiation"
2283,Stephanite,Powder
2284,Sillimanite,Powder
2285,Siegenite,"Powder, mixed with chalcopyrite [a:5.2903(5), c: 10.432(1)]"
2286,Pyrochlore,Powder
2287,Bournonite,Powder
2288,Anorthite,Powder
2289,Brochantite,Powder
2290,Magnesite,Powder
2291,Willemite,Powder
2292,Witherite,Powder
2293,Serendibite,Powder
2294,Senegalite,Powder
2295,Arsenolamprite,Powder
2296,Zektzerite,Powder
2297,Andradite,Powder
2298,Jarosite,Powder
2299,Salammoniac,Powder
2300,Antlerite,Powder
2301,Pyroxmangite,Powder
2302,Brannerite,Powder
2303,Schrockingerite,Powder
2304,Trolleite,Powder
2305,Burbankite,Powder
2306,Olivenite,Powder
2307,Beryllonite,Powder
2308,Levyne-Na,Powder
2309,Valentinite,Powder
2310,Azurite,Powder
2311,Syngenite,Powder
2312,Eosphorite,Powder
2313,Chevkinite-(Ce),Powder
2314,Troilite,"Powder, using Mo radiation"
2315,Aurichalcite,Powder
2316,Potassic-fluoro-richterite,Powder
2317,Danburite,Powder
2318,Eudialyte,Powder
2319,Titanite,Powder
2320,Burkeite,"Powder, mixed with thenardite"
2321,Otavite,Powder
2322,Calcite,Powder
2323,Allactite,Powder
2324,Orthoclase,Powder
2325,Copper,"Powder, using Mo radiation"
2326,Carletonite,Powder
2327,Warwickite,Powder
2328,Decrespignyite-(Y),"Powder, using Mo radiation"
2329,Albite,Powder
2330,Karibibite,"Powder, using Mo radiation"
2331,Anorthite,"Powder, with other plagioclase-series minerals"
2332,Marialite,Powder
2333,Simpsonite,Powder
2334,Braunite,Powder
2335,Vonsenite,Powder
2336,Masutomilite,Powder
2337,Ferberite,Powder
2338,Cassiterite,Powder
2339,Sphalerite,Powder
2340,Pyrope,Powder
2341,Marialite,Powder
2342,Beryllonite,Powder
2343,Chapmanite,Powder
2344,Grossular,Powder
2345,Teallite,Powder
2346,Cassiterite,Powder
2347,Serandite,Powder
2348,Trilithionite,Powder
2349,Sphalerite,Powder
2350,Antimony,Powder
2351,Hydroxylapatite,Powder
2352,Tilasite,Powder
2353,Bilinite,Powder
2354,Cassiterite,Powder
2355,Gadolinite-(Y),Powder
2356,Schwertmannite,"Powder, sharp peak is quartz"
2357,Rutile,Powder
2358,Prehnite,Powder
2359,Emeleusite,Powder
2360,Akermanite,Powder
2361,Fluorapatite,Powder
2362,Clinoclase,Powder
2363,Rosasite,"Powder, intimately mixed with smithsonite"
2364,Hauyne,Powder
2365,Mottramite,Powder
2366,Eosphorite,Powder
2367,Zaratite,Powder
2368,Schreibersite,Powder
2369,Skutterudite,Powder
2370,Yttrotantalite-(Y),Powder
2371,Kyanite,Powder
2372,Pollucite,Powder
2373,Dolomite,Powder
2374,Anorthite,Powder
2375,Kirschsteinite,Powder
2376,Foitite,Powder
2377,Phenakite,Powder
2378,Almandine,Powder
2379,Polylithionite,Powder
2380,Paravauxite,Powder
2381,Pumpellyite-(Mg),Powder
2382,Hanksite,Powder
2383,Chalcopyrite,Powder
2384,Volborthite,Powder
2385,Actinolite,Powder
2386,Andradite,Powder
2387,Hambergite,Powder
2388,Legrandite,Powder
2389,Anglesite,Powder
2390,Weddellite,Powder
2391,Eudidymite,Powder
2392,Hauerite,Powder
2393,Bobdownsite,Powder
2394,Triphylite,Powder
2395,Crocoite,Powder
2396,Titanite,Powder
2397,Axinite-(Fe),Powder
2398,Natrojarosite,Powder
2399,Fibroferrite,Powder
2400,Melanovanadite,Powder
2401,Ludwigite,Powder
2402,Dravite,Powder
2403,Salammoniac,Powder
2404,Villiaumite,Powder
2405,Natrojarosite,Powder
2406,Phosphosiderite,"Powder, using Mo radiation"
2407,Hemimorphite,Powder
2408,Gaspeite,Powder
2409,Magnesite,Powder
2410,Halite,Powder
2411,Coquimbite,Powder
2412,Stellerite,Powder
2413,Lawsonite,Powder
2414,Rhodonite,Powder
2415,Natrojarosite,"Powder, includes another phase"
2416,Wulfenite,Powder
2417,Bustamite,Powder
2418,Phenakite,Powder
2419,Actinolite,"Powder, additionally shows small amount of chlorite"
2420,Pyrite,Powder
2421,Moraesite,Powder
2422,Sodalite,Powder
2423,Axinite-(Fe),Powder
2424,Gypsum,Powder
2425,Goethite,Powder
2426,Ankerite,Powder
2427,Caryopilite,"Powder, using Mo radiation"
2428,Albite,Powder
2429,Bayldonite,Powder
2430,Foshagite,Powder
2431,Brookite,Powder
2432,Strontianite,Powder
2433,Lombardoite,Powder
2434,Zirkelite,Powder
2435,Jamesonite,"Powder, mixed with sphalerite a:5.4182(3)"
2436,Tincalconite,Powder
2437,Vivianite,Powder
2438,Baryte,Powder
2439,Ferro-pargasite,Powder
2440,Elbaite,Powder
2441,Metavariscite,Powder
2442,Rhodochrosite,Powder
2443,Ussingite,Powder
2444,Hauyne,Powder
2445,Anhydrite,Powder
2446,Melanovanadite,Powder
2447,Meionite,Powder
2448,Cerussite,Powder
2449,Grossular,Powder
2450,Hematite,Powder
